INSERT INTO users (id, name, age) VALUES (1, 'Finnebar', 17), (2, 'Bear', 6), (3, 'Iguana', 4), (4, 'Alex', 33),
(5, 'Amanda', 24), (6, 'Sophie', 24), (7, 'Rosey', 9), (8, 'Victoria', 23), (9, 'Franz', 100), (10, 'Hermione', 30),
(11, 'Voldemort', 90), (12, 'Marisa', 24), (13, 'Swizzle', 4), (14, 'Sirius', 36), (15, 'Albus', 113), (16, 'Squid', 5),
(17, 'Whale', 6), (18, 'Pacha', 5), (19, 'Ena', 24), (20, 'Katie', 24);

INSERT INTO projects (id, title, category, funding_goal, start_date, end_date) VALUES
(1, 'Help me buy a guitar', 'music', 500.00, '2013-06-30', '2013-07-30'),
(2, 'My book on SQL', 'books', 20.00, '2013-01-01', '2014-01-01'),
(3, 'The next Harry Potter', 'books', 1000.00, '2013-05-30', '2015-05-30'),
(4, 'Animal shelter needs dog food', 'charity', 400.00, '2013-03-14', '2013-06-30'),
(5, 'Voldement needs a body', 'charity', 6000.00, '2013-03-20', '2013-09-20'),
(6, 'The next Inna-Gadda-Davida', 'music', 200.00, '2014-12-30', '2015-12-30'),
(7, 'Iguana needs tail operation', 'charity', 2000.00, '2013-10-02', '2013-10-30'),
(8, 'I have bed bugs!', 'charity', 800.00, '2014-06-30', '2014-06-31'),
(9, 'I want to teach English in China', 'charity', 3000.00, '2013-06-30', '2013-09-30'),
(10, 'Help save birds of paradise', 'charity', 5000.00, '2012-03-20', '2013-06-30');

INSERT INTO pledges (id, amount, user_id, project_id) VALUES
(1, 10.00, 1, 2),
(2, 20.00, 1, 3),
(3, 40.00, 1, 4),
(4, 50.00, 2, 3),
(5, 10.00, 3, 2),
(6, 20.00, 4, 4),
(7, 40.00, 5, 10),
(8, 60.00, 6, 10),
(9, 50.00, 7, 9),
(10, 700.00, 8, 8),
(11, 1000.00, 8, 7),
(12, 40.00, 9, 6),
(13, 50.00, 9, 3),
(14, 50.00, 10, 4),
(15, 24.00, 12, 1),
(16, 34.00, 11, 1),
(17, 12.00, 13, 6),
(18, 19.00, 14, 5),
(19, 20.00, 15, 5),
(20, 40.00, 16, 6),
(21, 35.50, 17, 7),
(22, 40.00, 18, 8),
(23, 60.00, 19, 9),
(24, 70.00, 20, 10),
(25, 100.00, 20, 4),
(26, 40.00, 19, 1),
(27, 20.00, 18, 6),
(28, 90.00, 17, 9),
(29, 230.00, 16, 6),
(30, 450.00, 15, 5);


-- INSERT INTO users (name, age) VALUES
-- ('bob', 20),
-- ('sam', 21),
-- ('jo', 22),
-- ('alice', 23),
-- ('jake', 24),
-- ('jack', 26),
-- ('jed', 27),
-- ('alyssa', 28),
-- ('emma', 21),
-- ('caroline', 22),
-- ('jenny', 25),
-- ('tash', 31)
-- ('hil', 30),
-- ('ali', 29),
-- ('pgrin', 32),
-- ('jacob', 32),
-- ('stanley', 38),
-- ('ethan', 36),
-- ('emily', 23),
-- ('lane', 50);
-- ;

-- INSERT INTO projects (title, category, funding_goal, start_date, end_date) VALUES
-- ('a', 'science', 200, "3/18/2020", '4/30/2020'),
-- ('b', 'category1', 500)
-- ('c ', 'science', 2000, "4/18/2020", '5/30/2020'),
-- ('d', 'category2', 2100, "5/18/2020", '6/30/2020'),
-- ('e', 'science', 3200, "6/18/2020", '7/30/2020'),
-- ('f', 'category2', 4400, "7/18/2020", '12/30/2020'),
-- ('g', 'category2', 5000, "8/18/2020", '12/30/2020'),
-- ('h', 'category3', 1000, "9/18/2020", '9/30/2020'),
-- ('i', 'science', 1200, "10/18/2020", '1/30/2021'),
-- ('j', 'science', 33200, "11/18/2020", '2/30/2021'),
    
-- INSERT INTO pledges (amount, user_id, project_id) VALUES 
-- (50, 2, 1),
-- (10, 4, 3),
-- (20, 6, 2),
-- (30, 6, 4),
-- (40, 6, 4),
-- (45, 7, 4),
-- (54, 7, 5),
-- (60, 12, 6),
-- (1, 12, 7),
-- (2, 5, 8),
-- (20, 13, 9),
-- (20, 15, 10),
-- (29, 16, 10),
-- (210, 20, 10),
-- (93, 19, 3),
-- (90, 18, 3),
-- (5, 1, 2),
-- (5, 1, 2),
-- (50, 1, 2),
-- (50, 3, 3),
-- (50, 17, 4),
-- (50, 7, 5),
-- (50, 4, 6),
-- (50, 10, 6),
-- (50, 10, 6),
-- (50, 10, 8),
-- (50, 2, 8),
-- (50, 11, 9),
-- (50, 11, 3),
-- (50, 2, 3);